,model_name,epoch,loss,acc,val_loss,val_acc,f1,recall
0,BERTBILSTMCRF,1,0.12552522441019884,0.9684087847535675,0.08653204697352576,0.9764299297453711,,
0,BERTBILSTMCRF,2,0.05275489246548229,0.9855202683725872,0.07688564659180752,0.9805897276992652,,
0,BERTBILSTMCRF,3,0.03797053863432862,0.9897398598290779,0.08127495937743895,0.9807989824097899,0.8125802045990883,0.8024038165953787
